,0
0,aanaarden
1,aanbakken
2,aanbehoren
3,aanbelanden
4,aanbelangen
5,aanbellen
6,aanbenen
7,aanbermen
8,aanbesteden
9,aanbesterven
10,aanbetalen
11,aanbevelen
12,aanbewijzen
13,aanbieden
14,aanbijten
15,aanbinden
16,aanblaffen
17,aanblazen
18,aanblijven
19,aanblikken
20,aanboren
21,aanbouwen
22,aanbraden
23,aanbranden
24,aanbreien
25,aanbreken
26,aanbrengen
27,aandammen
28,aandienen
29,aandikken
30,aandoen
31,aandraaien
32,aandragen
33,aandraven
34,aandrijven
35,aandringen
36,aandrukken
37,aanduiden
38,aandurven
39,aanduwen
40,aandweilen
41,aaneenbinden
42,aaneenflansen
43,aaneengroeien
44,aaneenhangen
45,aaneenhechten
46,aaneenhouden
47,aaneenknopen
48,aaneenkoppelen
49,aaneenrijgen
50,aaneenschakelen
51,aaneenschrijven
52,aaneensluiten
53,aanerven
54,aanflitsen
55,aanfloepen
56,aangaan
57,aangapen
58,aangeven
59,aangieten
60,aangorden
61,aangrijnzen
62,aangrijpen
63,aangroeien
64,aanhaken
65,aanhalen
66,aanhangen
67,aanharken
68,aanhebben
69,aanhechten
70,aanheffen
71,aanhikken
72,aanhitsen
73,aanhoren
74,aanhouden
75,aanjagen
76,aankaarten
77,aankakken
78,aankeffen
79,aankijken
80,aanklagen
81,aanklampen
82,aankleden
83,aankleven
84,aanklikken
85,aanklooien
86,aankloppen
87,aanknippen
88,aanknoeien
89,aanknopen
90,aankoeken
91,aankoersen
92,aankomen
93,aankondigen
94,aankopen
95,aankoppelen
96,aankrijgen
97,aankruisen
98,aankunnen
99,aankweken
100,aanlachen
101,aanlanden
102,aanlassen
103,aanlaten
104,aanleggen
105,aanlengen
106,aanleren
107,aanleunen
108,aanleveren
109,aanlichten
110,aanliggen
111,aanlijnen
112,aanlokken
113,aanlopen
114,aanmaken
115,aanmanen
116,aanmatigen
117,aanmelden
118,aanmengen
119,aanmeren
120,aanmerken
121,aanmeten
122,aanmodderen
123,aanmoedigen
124,aanmonsteren
125,aanmunten
126,aannaaien
127,aannemen
128,aanpakken
129,aanpappen
130,aanpassen
131,aanpezen
132,aanplakken
133,aanplanten
134,aanporren
135,aanpoten
136,aanpraten
137,aanprijzen
138,aanpunten
139,aanraden
140,aanraken
141,aanranden
142,aanrechten
143,aanreiken
144,aanrekenen
145,aanrennen
146,aanrichten
147,aanrijden
148,aanrijgen
149,aanroepen
150,aanroeren
151,aanrommelen
152,aanrotzooien
153,aanrukken
154,aanschaffen
155,aanschakelen
156,aanscherpen
157,aanschieten
158,aanschikken
159,aanschrijden
160,aanschrijven
161,aanschroeven
162,aanschuiven
163,aansjorren
164,aanslaan
165,aanslepen
166,aanslibben
167,aanslijpen
168,aanslingeren
169,aansluipen
170,aansluiten
171,aansmeren
172,aansnellen
173,aansnijden
174,aansnoeren
175,aanspannen
176,aanspelen
177,aanspeten
178,aanspinnen
179,aanspoelen
180,aansporen
181,aanspreken
182,aanspringen
183,aanstaan
184,aanstampen
185,aanstaren
186,aansteken
187,aanstellen
188,aansterken
189,aansterven
190,aanstevenen
191,aanstichten
192,aanstiefelen
193,aanstippen
194,aanstoken
195,aanstormen
196,aanstoten
197,aanstrepen
198,aanstrijken
199,aanstuiven
200,abseilen
201,achteraankomen
202,achterblijven
203,achterhouden
204,achterlaten
205,achterliggen
206,achterlopen
207,achternagaan
208,achternalopen
209,achternarijden
210,achternavaren
211,achternazenden
212,achternazitten
213,achteromkijken
214,achteromkomen
215,achteromzien
216,achteropkomen
217,achteroplopen
218,achteropraken
219,achteroverdrukken
220,achteroverleunen
221,achteroverslaan
222,achterovervallen
223,achterstaan
224,achterstellen
225,achteruitboeren
226,achteruitgaan
227,achteruitlopen
228,achteruitrijden
229,achteruitschuiven
230,achteruitslaan
231,achteruitsteken
232,achteruitwijken
233,achtervoegen
234,actievoeren
235,ademhalen
236,aderlaten
237,afbakenen
238,afbakken
239,afbarsten
240,afbedelen
241,afbeelden
242,afbekken
243,afbellen
244,afbestellen
245,afbetalen
246,afbeulen
247,afbidden
248,afbieden
249,afbijten
250,afbikken
251,afbinden
252,afbladderen
253,afblaffen
254,afblazen
255,afblijven
256,afbluffen
257,afblussen
258,afboeken
259,afbollen
260,afborstelen
261,afbouwen
262,afbramen
263,afbranden
264,afbreken
265,afbrengen
266,afbrokkelen
267,afbuigen
268,afchecken
269,afdalen
270,afdammen
271,afdanken
272,afdekken
273,afdelven
274,afdichten
275,afdieven
276,afdingen
277,afdoen
278,afdraaien
279,afdragen
280,afdreggen
281,afdrijven
282,afdrinken
283,afdrogen
284,afdruipen
285,afdrukken
286,afduwen
287,afdwalen
288,afdwingen
289,afeten
290,affakkelen
291,affluiten
292,afgaan
293,afgelasten
294,afgeven
295,afgieten
296,afglijden
297,afgraven
298,afgrendelen
299,afhaken
300,afhakken
301,afhalen
302,afhandelen
303,afhangen
304,afhappen
305,afharen
306,afhechten
307,afhellen
308,afhelpen
309,afhouden
310,afhouwen
311,afhuiven
312,afhuren
313,afjakkeren
314,afkalven
315,afkammen
316,afkappen
317,afkatten
318,afkeren
319,afketsen
320,afkeuren
321,afkicken
322,afkijken
323,afkleden
324,afklemmen
325,afkloppen
326,afkluiven
327,afknallen
328,afknappen
329,afknellen
330,afknijpen
331,afknippen
332,afknotten
333,afkoelen
334,afkoersen
335,afkoken
336,afkolven
337,afkomen
338,afkondigen
339,afkopen
340,afkoppelen
341,afkorten
342,afkrabben
343,afkraken
344,afkrijgen
345,afkunnen
346,afladen
347,aflassen
348,aflaten
349,aflazeren
350,aflebberen
351,afleggen
352,afleiden
353,afleken
354,afleren
355,afleven
356,afleveren
357,aflezen
358,aflikken
359,aflokken
360,aflopen
361,aflossen
362,afluisteren
363,afmaken
364,afmarcheren
365,afmatten
366,afmelden
367,afmeren
368,afmeten
369,afmonsteren
370,afnemen
371,afnokken
372,afpakken
373,afpassen
374,afpeigeren
375,afperken
376,afpersen
377,afpijnigen
378,afpikken
379,afplakken
380,afplatten
381,afpluizen
382,afpoeieren
383,afprijzen
384,afraden
385,afraffelen
386,aframmelen
387,afranselen
388,afreageren
389,afreden
390,afregelen
391,afreizen
392,afrekenen
393,afremmen
394,africhten
395,afrijden
396,afritsen
397,afroepen
398,afrollen
399,afromen
400,afronden
401,afrossen
402,afruilen
403,afruimen
404,afrukken
405,afsappelen
406,afschaffen
407,afschakelen
408,afscheiden
409,afschenken
410,afschepen
411,afscheren
412,afschermen
413,afscheuren
414,afschieten
415,afschilderen
416,afschilferen
417,afschminken
418,afschrapen
419,afschrijven
420,afschrikken
421,afschudden
422,afschuimen
423,afschuinen
424,afschuiven
425,afschuren
426,afschutten
427,afserveren
428,afslaan
429,afslachten
430,afslanken
431,afslappen
432,afslepen
433,afslijpen
434,afslijten
435,autorijden
436,beethebben
437,beethouden
438,beetkrijgen
439,beetnemen
440,beetpakken
441,bekendmaken
442,bekendstaan
443,belangstellen
444,bellenblazen
445,bezighouden
446,bijbetalen
447,bijblijven
448,bijbouwen
449,bijbrengen
450,bijdoen
451,bijdraaien
452,bijdragen
453,bijeenbinden
454,bijeenbrengen
455,bijeendrijven
456,bijeendringen
457,bijeenhouden
458,bijeenkomen
459,bijeenrapen
460,bijeenroepen
461,bijeenzijn
462,bijgeven
463,bijgieten
464,bijhalen
465,bijhouden
466,bijklussen
467,bijknippen
468,bijkomen
469,bijladen
470,bijleggen
471,bijleren
472,bijlichten
473,bijlopen
474,bijmaken
475,bijmesten
476,bijnemen
477,bijpassen
478,bijpraten
479,bijschaven
480,bijschenken
481,bijscholen
482,bijschrijven
483,bijschuiven
484,bijslepen
485,bijslijpen
486,bijsloffen
487,bijsluiten
488,bijsnijden
489,bijspijkeren
490,bijspringen
491,bijstaan
492,bijsteken
493,bijstellen
494,bijsturen
495,bijtanken
496,bijtekenen
497,bijtreden
498,bijtrekken
499,bijvallen
500,bijverdienen
501,bijvoegen
502,bijvoeren
503,bijvullen
504,bijwerken
505,bijwonen
506,bijzetten
507,bijzitten
508,binnenblijven
509,binnenbreken
510,binnenbrengen
511,binnendringen
512,binnendruppelen
513,binnengaan
514,binnenhalen
515,binnenhouden
516,binnenkomen
517,binnenkrijgen
518,binnenlaten
519,binnenlopen
520,binnenrijden
521,binnenroepen
522,binnenschieten
523,binnenschuiven
524,binnenslepen
525,binnensluipen
526,binnensmokkelen
527,binnenstappen
528,binnenstormen
529,binnenstromen
530,binnenstuiven
531,binnentreden
532,binnentrekken
533,binnenvallen
534,binnenvaren
535,binnenvliegen
536,blindstaren
537,blootgeven
538,blootleggen
539,blootliggen
540,blootstaan
541,blootstellen
542,boekhouden
543,boosdoen
544,botvieren
545,bovenblijven
546,bovendrijven
547,bovenhalen
548,bovenhouden
549,bovenkomen
550,bovenliggen
551,brandstichten
552,broodbakken
553,buikschuiven
554,buitengaan
555,buitengooien
556,buitensluiten
557,buitensmijten
558,buitenstaan
559,buitenzetten
560,buitmaken
561,daarlaten
562,deelhebben
563,deelnemen
564,dichtbinden
565,dichtdoen
566,dichtdraaien
567,dichtgaan
568,dichtgooien
569,dichtklappen
570,dichtknijpen
571,dichtknopen
572,dichtlopen
573,dichtmaken
574,dichtnaaien
575,dichtplakken
576,dichtrijden
577,dichtschuiven
578,dichtslaan
579,dichtslibben
580,dichtspijkeren
581,dichtspringen
582,dichtstoppen
583,dichttimmeren
584,dichttrekken
585,dichtvallen
586,dichtvriezen
587,dichtzitten
588,dienstdoen
589,dienstweigeren
590,diepgaan
591,diepvriezen
592,doemdenken
593,doldraaien
594,doodbijten
595,doodblijven
596,doodbloeden
597,doodergeren
598,doodgaan
599,doodgooien
600,doodhouden
601,doodknuffelen
602,doodlachen
603,doodliggen
604,doodlopen
605,doodmaken
606,doodrijden
607,doodschamen
608,doodschieten
609,doodslaan
610,doodspelen
611,doodspuiten
612,doodsteken
613,doodvallen
614,doodvechten
615,doodvriezen
616,doodwerken
617,doodzwijgen
618,doorademen
619,doorbakken
620,doorberekenen
621,doorbetalen
622,doorbijten
623,doorbladeren
624,doorblazen
625,doorbloeden
626,doorboren
627,doorbranden
628,doorbreken
629,doorbrengen
630,doorbuigen
631,doordenken
632,doordraaien
633,doordrammen
634,doordraven
635,doordrijven
636,doordringen
637,doordrukken
638,doorduwen
639,dooreenlopen
640,dooreenschudden
641,doorgaan
642,doorgeven
643,doorgraven
644,doorhakken
645,doorhalen
646,doorhangen
647,doorhebben
648,doorjagen
649,doorkiezen
650,doorkijken
651,doorklieven
652,doorklikken
653,doorknippen
654,doorkoken
655,doorkomen
656,doorkrijgen
657,doorkruipen
658,doorladen
659,doorlaten
660,doorleren
661,doorleven
662,doorlezen
663,doorlichten
664,doorliggen
665,doorlinken
666,doorlopen
667,doormaken
668,doormeten
669,doormodderen
670,doornemen
671,doorpluizen
672,doorpraten
673,doorprikken
674,doorreizen
675,doorrijden
676,doorschakelen
677,doorschemeren
678,doorschieten
679,doorschijnen
680,doorschrijven
681,doorschuiven
682,doorseinen
683,doorsijpelen
684,doorslaan
685,doorslijten
686,doorslikken
687,doorsmeren
688,doorsnijden
689,doorspelen
690,doorspitten
691,doorspoelen
692,doorspreken
693,doorstappen
694,doorstarten
695,doorsteken
696,doorstoken
697,doorstoten
698,doorstrepen
699,doorstromen
700,doorsturen
701,doortochten
702,doortrappen
703,doortrekken
704,doorvaren
705,doorvechten
706,doorverbinden
707,doorverkopen
708,doorvertellen
709,doorverwijzen
710,doorvlechten
711,doorvloeien
712,doorvoeren
713,doorvragen
714,doorwaden
715,doorwegen
716,doorwerken
717,doorweven
718,doorwoekeren
719,doorworstelen
720,doorzagen
721,doorzakken
722,doorzenden
723,doorzetten
724,doorzeven
725,doorzien
726,doorzijgen
727,doorzoeken
728,draadsnijden
729,drooghouden
730,droogleggen
731,drooglopen
732,droogmaken
733,droogmalen
734,droogstaan
735,droogvallen
736,droogzetten
737,droogzwemmen
738,droogzwieren
739,dubbeldippen
740,dubbelslaan
741,dubbelvouwen
742,dwarsliggen
743,dwarszitten
744,eenworden
745,elkaar de bal toespelen
746,eruitzien
747,feestvieren
748,fijnhakken
749,fijnkauwen
750,fijnknijpen
751,fijnknippen
752,fijnmaken
753,fijnmalen
754,fijnscheuren
755,fijnslaan
756,fijnsnijden
757,fijnstampen
758,fijntrappen
759,fijnwrijven
760,flauwvallen
761,foutparkeren
762,gadeslaan
763,gebruikmaken
764,geheimhouden
765,gelijklopen
766,gelijkmaken
767,gelijkrichten
768,gelijkschakelen
769,gelijkspelen
770,gelijkstaan
771,gelijkstellen
772,gelijkstemmen
773,gelijktrekken
774,gelijkzetten
775,gelukwensen
776,gereedhouden
777,gereedkomen
778,gereedliggen
779,gereedmaken
780,gereedstaan
781,gereedzetten
782,geruststellen
783,gevangenhouden
784,gevangennemen
785,gevangenzetten
786,gevangenzitten
787,gewaarworden
788,gladmaken
789,gladstrijken
790,goedachten
791,goeddoen
792,goeddunken
793,goedhouden
794,goedkeuren
795,goedmaken
796,goedpraten
797,goedvinden
798,grasmaaien
799,grijsrijden
800,grijswerken
801,grootbrengen
802,groothouden
803,handeldrijven
804,hardlopen
805,hardrijden
806,heengaan
807,heenlopen
808,heenrijden
809,heentrekken
810,heenvlieden
811,heenzenden
812,heetlopen
813,hoogachten
814,hooghouden
815,houthakken
816,huishouden
817,hulpverlenen
818,inademen
819,inbakeren
820,inbakken
821,inbedden
822,inbeelden
823,inbellen
824,inbeuken
825,inbijten
826,inbinden
827,inblikken
828,inboeten
829,inboezemen
830,inbouwen
831,inbranden
832,inbreken
833,inbrengen
834,inburgeren
835,incalculeren
836,inchecken
837,indammen
838,indampen
839,indekken
840,indelen
841,indenken
842,indeuken
843,indienen
844,indijken
845,indikken
846,indoen
847,indommelen
848,indraaien
849,indrijven
850,indringen
851,indrinken
852,indruisen
853,indrukken
854,induffelen
855,indutten
856,ineendringen
857,ineenduiken
858,ineengrijpen
859,ineenkrimpen
860,ineenslaan
861,ineensmelten
862,ineenstorten
863,ineenzetten
864,inenten
865,influisteren
866,ingaan
867,ingeven
868,ingieten
869,ingooien
870,ingraven
871,ingrijpen
872,ingroeien
873,ingroeven
874,inhaken
875,inhalen
876,inhebben
877,inhouden
878,inhouwen
879,inhuldigen
880,inhullen
881,inhuren
882,inkaderen
883,inkapselen
884,inkijken
885,inklappen
886,inklaren
887,inkleden
888,inklemmen
889,inkleuren
890,inklimmen
891,inklinken
892,inkochelen
893,inkoken
894,inkomen
895,inkopen
896,inkoppen
897,inkorten
898,inkrimpen
899,inkruipen
900,inkwartieren
901,inladen
902,inlassen
903,inlaten
904,inleggen
905,inleiden
906,inlepelen
907,inleven
908,inleveren
909,inlezen
910,inlichten
911,inlijsten
912,inlijven
913,inlineskaten
914,inloggen
915,inlopen
916,inlossen
917,inloten
918,inluiden
919,inluizen
920,inmaken
921,inmengen
922,innemen
923,inoefenen
924,inoliën
925,inpakken
926,inpalmen
927,inpassen
928,inpekelen
929,inpeperen
930,inperken
931,inpikken
932,inplakken
933,inplannen
934,inplanten
935,inpluggen
936,inpolderen
937,inpompen
938,inpraten
939,inprenten
940,inproppen
941,inregenen
942,inreizen
943,inrekenen
944,inrichten
945,inrijden
946,inrijgen
947,inroepen
948,inroosteren
949,inruilen
950,inruimen
951,inrukken
952,inscannen
953,inschakelen
954,inschatten
955,inschenken
956,inschepen
957,inscheuren
958,inschieten
959,inschikken
960,inschrijven
961,inschuiven
962,insijpelen
963,inslaan
964,inslapen
965,inslijpen
966,inslijten
967,inslikken
968,insluiken
969,insluipen
970,insluiten
971,insmelten
972,insmeren
973,insmijten
974,insneeuwen
975,insnijden
976,insnoeren
977,inspannen
978,inspelen
979,inspinnen
980,inspreken
981,inspringen
982,inspuiten
983,instaan
984,instampen
985,instappen
986,insteken
987,instellen
988,instemmen
989,instinken
990,instoppen
991,instorten
992,instralen
993,instrijken
994,instromen
995,instuderen
996,instuiven
997,instulpen
998,insturen
999,intapen
1000,intekenen
1001,interen
1002,intikken
1003,intoetsen
1004,intomen
1005,intrappen
1006,intreden
1007,intrekken
1008,introuwen
1009,intuigen
1010,intypen
1011,invallen
1012,invangen
1013,invaren
1014,invechten
1015,invetten
1016,invliegen
1017,invochten
1018,kaalplukken
1019,kaalslaan
1020,kaalvreten
1021,kaartspelen
1022,kapotgaan
1023,kapotmaken
1024,kapotschieten
1025,kapotslaan
1026,kennismaken
1027,kennisnemen
1028,klaarkomen
1029,klaarleggen
1030,klaarliggen
1031,klaarmaken
1032,klaarspelen
1033,klaarstaan
1034,klaarstomen
1035,klaarzetten
1036,klaarzitten
1037,kleinkrijgen
1038,kleinsnijden
1039,klemrijden
1040,klemzetten
1041,koffiedrinken
1042,koffiezetten
1043,kopjeduikelen
1044,kortsluiten
1045,kouvatten
1046,krombuigen
1047,kromliggen
1048,kromtrekken
1049,kuitschieten
1050,kwaadspreken
1051,kwijtraken
1052,kwijtschelden
1053,kwijtspelen
1054,laagvliegen
1055,lamleggen
1056,lamslaan
1057,langsgaan
1058,langskomen
1059,langslopen
1060,langsrijden
1061,langstrekken
1062,langswippen
1063,lastigvallen
1064,leegblazen
1065,leegbloeden
1066,leegdrinken
1067,leegeten
1068,leeggieten
1069,leeghalen
1070,leegkopen
1071,leeglopen
1072,leegmaken
1073,leegmalen
1074,leegplukken
1075,leegplunderen
1076,leegpompen
1077,leegrijden
1078,leegruimen
1079,leegschenken
1080,leegstaan
1081,leegstelen
1082,leegzuigen
1083,leerlooien
1084,leidinggeven
1085,lekrijden
1086,lekschieten
1087,lesgeven
1088,liefhebben
1089,lijntrekken
1090,lofprijzen
1091,losbarsten
1092,losbinden
1093,losbranden
1094,losbreken
1095,losgaan
1096,losgespen
1097,losgooien
1098,loshaken
1099,loshalen
1100,loshangen
1101,losknopen
1102,loskomen
1103,loskopen
1104,loskoppelen
1105,loskrijgen
1106,loslaten
1107,loslopen
1108,losmaken
1109,lospeuteren
1110,losraken
1111,losrijden
1112,losrukken
1113,losscheuren
1114,losschieten
1115,losslaan
1116,losspringen
1117,losstaan
1118,lostrekken
1119,losweken
1120,loswringen
1121,loszitten
1122,maathouden
1123,medebrengen
1124,mededelen
1125,mededingen
1126,medeleven
1127,medewerken
1128,mee-eten
1129,meebetalen
1130,meebidden
1131,meebieden
1132,meebouwen
1133,meebrengen
1134,meebuigen
1135,meedeinen
1136,meedelen
1137,meedenken
1138,meedingen
1139,meediscussiëren
1140,meedoen
1141,meedraaien
1142,meedragen
1143,meedrijven
1144,meedrinken
1145,meefietsen
1146,meegaan
1147,meegeven
1148,meehelpen
1149,meehollen
1150,meekijken
1151,meekomen
1152,meekrijgen
1153,meeleven
1154,meelezen
1155,meeliften
1156,meelijden
1157,meelokken
1158,meelopen
1159,meeluisteren
1160,meemaken
1161,meenemen
1162,meeondertekenen
1163,meepakken
1164,meepikken
1165,meepraten
1166,meeregeren
1167,meereizen
1168,meerekenen
1169,meerijden
1170,meeroken
1171,meeslepen
1172,meesleuren
1173,meespelen
1174,meestemmen
1175,meesturen
1176,meetellen
1177,meetrekken
1178,meetronen
1179,meevallen
1180,meevaren
1181,meevechten
1182,meevieren
1183,meevliegen
1184,meevoelen
1185,meevragen
1186,meewegen
1187,meewerken
1188,meewillen
1189,meezeilen
1190,meezingen
1191,meezitten
1192,misgaan
1193,misgokken
1194,misgrijpen
1195,miskleunen
1196,mislezen
1197,mislopen
1198,misschieten
1199,misslaan
1200,misspreken
1201,misstappen
1202,mistasten
1203,mistypen
1204,misvatten
1205,misverstaan
1206,miszitten
1207,mooizitten
1208,na-apen
1209,na-ijlen
1210,nabauwen
1211,nabespreken
1212,nabestellen
1213,nabijblijven
1214,nabijkomen
1215,nablijven
1216,nabloeden
1217,nabloeien
1218,nablussen
1219,nabootsen
1220,nabouwen
1221,nachecken
1222,nachtvliegen
1223,nadenken
1224,naderbijbrengen
1225,nadoen
1226,nadragen
1227,nadreunen
1228,nadrukken
1229,naduiken
1230,nafluiten
1231,nagaan
1232,nagenieten
1233,nageven
1234,nagloeien
1235,nahouden
1236,najagen
1237,najouwen
1238,nakaarten
1239,nakijken
1240,naklinken
1241,nakomen
1242,nalaten
1243,naleven
1244,naleveren
1245,nalezen
1246,nalopen
1247,namaken
1248,nameten
1249,napluizen
1250,napraten
1251,narekenen
1252,naroepen
1253,naslaan
1254,nasmeulen
1255,naspelen
1256,naspeuren
1257,naspoelen
1258,nasporen
1259,nastreven
1260,nasynchroniseren
1261,natafelen
1262,natekenen
1263,natellen
1264,nathouden
1265,natrappen
1266,natrekken
1267,natspuiten
1268,naturen
1269,navertellen
1270,navoelen
1271,navolgen
1272,navragen
1273,nawegen
1274,nawerken
1275,nawijzen
1276,nazeggen
1277,nazenden
1278,nazetten
1279,nazien
1280,nazinderen
1281,nazingen
1282,nazitten
1283,nazoeken
1284,nederhouden
1285,nederzetten
1286,neerbuigen
1287,neerdalen
1288,neergaan
1289,neerhalen
1290,neerkijken
1291,neerknallen
1292,neerkomen
1293,neerkrabbelen
1294,neerladen
1295,neerlaten
1296,neerleggen
1297,neerliggen
1298,neerpennen
1299,neerploffen
1300,neerpoten
1301,neersabelen
1302,neerschieten
1303,neerschrijven
1304,neersijpelen
1305,neerslaan
1306,neersmijten
1307,neersteken
1308,neerstorten
1309,neerstrijken
1310,neerstromen
1311,neertellen
1312,neertrekken
1313,neervallen
1314,neervlijen
1315,neerwerpen
1316,neerzetten
1317,neerzien
1318,neerzijgen
1319,neerzitten
1320,ombinden
1321,omblazen
1322,ombouwen
1323,ombrengen
1324,ombuigen
1325,omdoen
1326,omdopen
1327,omdraaien
1328,omdrijven
1329,omduwen
1330,omgaan
1331,omgeven
1332,omgooien
1333,omgorden
1334,omhakken
1335,omhalen
1336,omhangen
1337,omhoogdrijven
1338,omhooggaan
1339,omhooggooien
1340,omhooghouden
1341,omhoogkijken
1342,omhoogkomen
1343,omhooglopen
1344,omhoogschieten
1345,omhoogslaan
1346,omhoogsteken
1347,omhoogtrekken
1348,omhoogvliegen
1349,omhoogvoeren
1350,omhoogzitten
1351,omhouden
1352,omhouwen
1353,omkantelen
1354,omkappen
1355,omkatten
1356,omkeren
1357,omkiepen
1358,omkieperen
1359,omkijken
1360,omkleden
1361,omklinken
1362,omkomen
1363,omkopen
1364,omkruipen
1365,omkrullen
1366,omkukelen
1367,omlaaggaan
1368,omleggen
1369,omleiden
1370,omliggen
1371,omlopen
1372,omplanten
1373,omploegen
1374,omplooien
1375,ompraten
1376,omrekenen
1377,omrijden
1378,omroepen
1379,omroeren
1380,omrollen
1381,omruilen
1382,omschakelen
1383,omscheppen
1384,omschieten
1385,omscholen
1386,omschoppen
1387,omslaan
1388,omsmelten
1389,omsmijten
1390,omspannen
1391,omspitten
1392,omspoelen
1393,omspringen
1394,omstoten
1395,omtoveren
1396,omtrekken
1397,omturnen
1398,omvallen
1399,omvaren
1400,omverblazen
1401,omverhalen
1402,omverlopen
1403,omverrijden
1404,omverschieten
1405,omverslaan
1406,omvertrekken
1407,omverwaaien
1408,omverwerpen
1409,omvliegen
1410,omvormen
1411,omvouwen
1412,omwaaien
1413,omwassen
1414,omwentelen
1415,omwerken
1416,omwerpen
1417,omwinden
1418,omwisselen
1419,omwoelen
1420,omzeilen
1421,omzetten
1422,omzien
1423,omzomen
1424,omzwaaien
1425,omzwerven
1426,onderbelichten
1427,onderbieden
1428,onderbinden
1429,onderbrengen
1430,onderdoen
1431,onderdompelen
1432,onderdrukken
1433,onderduiken
1434,ondergaan
1435,ondergraven
1436,onderheien
1437,onderhouden
1438,onderhuren
1439,onderkruipen
1440,onderleggen
1441,onderliggen
1442,onderlopen
1443,onderschuiven
1444,ondersneeuwen
1445,onderstaan
1446,ondersteken
1447,onderstromen
1448,onderuitgaan
1449,onderuithalen
1450,onderverdelen
1451,onderzetten
1452,oorlog voeren
1453,opbaggeren
1454,opbakken
1455,opbaren
1456,opbellen
1457,opbergen
1458,opbeuren
1459,opbiechten
1460,opbieden
1461,opbinden
1462,opblazen
1463,opblijven
1464,opblinken
1465,opbloeien
1466,opboksen
1467,opbollen
1468,opborrelen
1469,opbouwen
1470,opbranden
1471,opbreken
1472,opbrengen
1473,opbruisen
1474,opdagen
1475,opdelen
1476,opdelven
1477,opdienen
1478,opdiepen
1479,opdirken
1480,opdissen
1481,opdoeken
1482,opdoemen
1483,opdoen
1484,opdoffen
1485,opdonderen
1486,opdraaien
1487,opdragen
1488,opdraven
1489,opdreunen
1490,opdrijven
1491,opdringen
1492,opdrinken
1493,opdrogen
1494,opdrukken
1495,opduiken
1496,opduvelen
1497,opdweilen
1498,opeendringen
1499,opeenhopen
1500,opeenproppen
1501,opeenstapelen
1502,opeenvolgen
1503,opeisen
1504,openbarsten
1505,openbersten
1506,openblijven
1507,openbreken
1508,opendoen
1509,opendraaien
1510,opengaan
1511,openhouden
1512,openknopen
1513,openlaten
1514,openliggen
1515,openmaken
1516,openpeuteren
1517,openrijten
1518,openscheuren
1519,openschieten
1520,openschuiven
1521,openslaan
1522,opensnijden
1523,opensperren
1524,opensplijten
1525,openspringen
1526,openstaan
1527,openstellen
1528,opentrekken
1529,openvallen
1530,openvliegen
1531,openvouwen
1532,openzetten
1533,openzwaaien
1534,opeten
1535,opflakkeren
1536,opfleuren
1537,opflikkeren
1538,opfokken
1539,opfrissen
1540,opgaan
1541,opgebruiken
1542,opgeven
1543,opgieten
1544,opgooien
1545,opgraven
1546,opgroeien
1547,ophalen
1548,ophangen
1549,opharken
1550,ophebben
1551,opheffen
1552,ophelderen
1553,ophemelen
1554,ophijsen
1555,ophitsen
1556,ophoepelen
1557,ophoesten
1558,ophogen
1559,ophokken
1560,ophopen
1561,ophouden
1562,opjagen
1563,opjutten
1564,opkalfateren
1565,opkijken
1566,opkikkeren
1567,opklaren
1568,opklimmen
1569,opkloppen
1570,opknappen
1571,opknopen
1572,opkomen
1573,opkopen
1574,opkrassen
1575,opkrikken
1576,opkroppen
1577,opkruipen
1578,opkuisen
1579,opkweken
1580,oplaaien
1581,opladen
1582,oplappen
1583,oplaten
1584,oplazeren
1585,opleggen
1586,opleiden
1587,opletten
1588,opleuken
1589,opleven
1590,opleveren
1591,oplezen
1592,oplichten
1593,oplijsten
1594,oploeven
1595,oplopen
1596,oplossen
1597,opluchten
1598,opmaken
1599,opmalen
1600,opmerken
1601,opmeten
1602,opmonteren
1603,opnaaien
1604,opnemen
1605,opnoemen
1606,opofferen
1607,oppakken
1608,oppassen
1609,oppeppen
1610,oppeuzelen
1611,oppiepen
1612,oppijpen
1613,oppikken
1614,opplakken
1615,oppleuren
1616,oppoetsen
1617,oppompen
1618,opporren
1619,oppotten
1620,opproppen
1621,oprakelen
1622,oprapen
1623,oprekken
1624,oprichten
1625,oprijden
1626,oprijzen
1627,oprispen
1628,oproeien
1629,oproepen
1630,oprollen
1631,oprotten
1632,opruien
1633,opruimen
1634,oprukken
1635,opscharrelen
1636,opschenken
1637,opschepen
1638,opscheppen
1639,opscheren
1640,opschieten
1641,opschonen
1642,opschorsen
1643,opschorten
1644,opschrijven
1645,opschrikken
1646,opschroeven
1647,opschrokken
1648,opschudden
1649,opschuiven
1650,opschutten
1651,opslaan
1652,opslokken
1653,overbieden
1654,overblazen
1655,overblijven
1656,overboeken
1657,overbrengen
1658,overbuigen
1659,overdoen
1660,overdragen
1661,overdrijven
1662,overeenbrengen
1663,overeenkomen
1664,overeenstemmen
1665,overgaan
1666,overgeven
1667,overgieten
1668,overhalen
1669,overhangen
1670,overhebben
1671,overhellen
1672,overhevelen
1673,overhoopgooien
1674,overhoophalen
1675,overhoopliggen
1676,overhooplopen
1677,overhoopschieten
1678,overhoopsmijten
1679,overhoopsteken
1680,overhouden
1681,overkijken
1682,overkoken
1683,overkomen
1684,overkopen
1685,overladen
1686,overlaten
1687,overleggen
1688,overleveren
1689,overlezen
1690,overlopen
1691,overmaken
1692,overnemen
1693,overplaatsen
1694,overpompen
1695,overreiken
1696,overrijden
1697,overschakelen
1698,overschatten
1699,overschenken
1700,overschepen
1701,overschieten
1702,overschilderen
1703,overschrijven
1704,overslaan
1705,overspringen
1706,overstappen
1707,oversteken
1708,overstemmen
1709,overstromen
1710,overtekenen
1711,overtreden
1712,overtrekken
1713,overtrouwen
1714,overtuigen
1715,overtypen
1716,overvallen
1717,overvaren
1718,overvliegen
1719,overvloeien
1720,overvoeren
1721,overvragen
1722,overwaaien
1723,overwaarderen
1724,overwegen
1725,overwerken
1726,overwinnen
1727,overzetten
1728,overzien
1729,paardjerijden
1730,paardrijden
1731,partijtrekken
1732,pianospelen
1733,pijproken
1734,plaatshebben
1735,plaatsmaken
1736,plaatsnemen
1737,plaatsvinden
1738,platbranden
1739,platdrukken
1740,platleggen
1741,platlopen
1742,platslaan
1743,platspuiten
1744,platstrijken
1745,platwalsen
1746,postvatten
1747,prijsgeven
1748,proefdraaien
1749,puinruimen
1750,rechtbuigen
1751,rechtsklikken
1752,rechtspreken
1753,rechtstaan
1754,rechttrekken
1755,rechtzetten
1756,rondbanjeren
1757,rondbazuinen
1758,rondbellen
1759,rondbrengen
1760,rondcirkelen
1761,ronddansen
1762,ronddelen
1763,ronddolen
1764,ronddraaien
1765,ronddragen
1766,ronddwalen
1767,rondgaan
1768,rondgeven
1769,rondhangen
1770,rondkijken
1771,rondkomen
1772,rondleiden
1773,rondlopen
1774,rondneuzen
1775,rondreizen
1776,rondrennen
1777,rondrijden
1778,rondschrijven
1779,rondslenteren
1780,rondslingeren
1781,rondsluipen
1782,rondsnuffelen
1783,rondspoken
1784,rondspringen
1785,rondstralen
1786,rondstrooien
1787,rondstruinen
1788,rondtrekken
1789,rondvaren
1790,rondvertellen
1791,rondvliegen
1792,rondvoeren
1793,rondvragen
1794,rondwandelen
1795,rondzien
1796,rondzwerven
1797,ruziemaken
1798,samenballen
1799,samenbinden
1800,samenblijven
1801,samenbrengen
1802,samendrijven
1803,samendrukken
1804,samengaan
1805,samenhangen
1806,samenhokken
1807,samenklinken
1808,samenknijpen
1809,samenkomen
1810,samenleven
1811,samenlopen
1812,samenpersen
1813,samenproppen
1814,samenscholen
1815,samensmelten
1816,samenspannen
1817,samenspelen
1818,samenstellen
1819,samentrekken
1820,samenvallen
1821,samenvatten
1822,samenvoegen
1823,samenwerken
1824,samenwonen
1825,samenzweren
1826,schaatsenrijden
1827,schadeloosstellen
1828,scheefgroeien
1829,scheefwonen
1830,schoolblijven
1831,schoolgaan
1832,schoonhouden
1833,schoonmaken
1834,schoonvegen
1835,schoonwrijven
1836,schuilgaan
1837,slootjespringen
1838,sneeuwruimen
1839,standhouden
1840,stijfvloeken
1841,stilhangen
1842,stilhouden
1843,stilleggen
1844,stilliggen
1845,stilstaan
1846,stilvallen
1847,stilzetten
1848,stilzitten
1849,stilzwijgen
1850,stopzetten
1851,stormlopen
1852,stukbreken
1853,stukgaan
1854,stukgooien
1855,stuklopen
1856,stukmaken
1857,stukslaan
1858,tegemoetkomen
1859,tegemoetzien
1860,tegenbrassen
1861,tegeneten
1862,tegengaan
1863,tegenhouden
1864,tegenkomen
1865,tegenlachen
1866,tegenoverstellen
1867,tegenspartelen
1868,tegenspelen
1869,tegenspreken
1870,tegensputteren
1871,tegenstaan
1872,tegenstellen
1873,tegenstemmen
1874,tegenstreven
1875,tegenstribbelen
1876,tegenvallen
1877,tegenwerken
1878,tegenwerpen
1879,tegenzitten
1880,tekeergaan
1881,tekortdoen
1882,tekortkomen
1883,tekortschieten
1884,teleurstellen
1885,televisiekijken
1886,teloorgaan
1887,tenietdoen
1888,tenietgaan
1889,tentoonspreiden
1890,tentoonstellen
1891,terechtbrengen
1892,terechtkomen
1893,terechtkunnen
1894,terechtstaan
1895,terechtstellen
1896,terechtwijzen
1897,terugbellen
1898,terugbetalen
1899,terugblikken
1900,terugbrengen
1901,terugdeinzen
1902,terugdenken
1903,terugdoen
1904,terugdraaien
1905,terugdrijven
1906,terugdringen
1907,terugfluiten
1908,teruggaan
1909,teruggeven
1910,teruggooien
1911,terughalen
1912,terughouden
1913,terugkaatsen
1914,terugkelderen
1915,terugkeren
1916,terugkijken
1917,terugkomen
1918,terugkopen
1919,terugkoppelen
1920,terugkrabbelen
1921,terugkrijgen
1922,terugleggen
1923,teruglopen
1924,terugnemen
1925,terugpakken
1926,terugplooien
1927,terugreizen
1928,terugrijden
1929,terugroepen
1930,terugschrikken
1931,terugslaan
1932,terugspelen
1933,terugspoelen
1934,terugspringen
1935,terugstorten
1936,terugstoten
1937,terugstromen
1938,terugsturen
1939,terugtreden
1940,terugtrekken
1941,terugvallen
1942,terugvechten
1943,terugverdienen
1944,terugvinden
1945,terugvliegen
1946,terugvluchten
1947,terugvragen
1948,terugwerken
1949,terugwijzen
1950,terugwinnen
1951,terugzenden
1952,terugzetten
1953,terugzien
1954,terugzwaaien
1955,tevredenstellen
1956,teweegbrengen
1957,tewerkstellen
1958,thuisbezorgen
1959,thuisblijven
1960,thuisbrengen
1961,thuishoren
1962,thuiskomen
1963,thuissturen
1964,thuiswerken
1965,tijdrekken
1966,toe-eigenen
1967,toebedelen
1968,toebehoren
1969,toebereiden
1970,toebidden
1971,toebijten
1972,toebinden
1973,toebrengen
1974,toedekken
1975,toedenken
1976,toedichten
1977,toedienen
1978,toedoen
1979,toedragen
1980,toegaan
1981,toegeven
1982,toehappen
1983,toehoren
1984,toejuichen
1985,toekennen
1986,toekeren
1987,toekijken
1988,toekomen
1989,toelachen
1990,toelaten
1991,toeleggen
1992,toeleven
1993,toeleveren
1994,toelichten
1995,toelopen
1996,toenemen
1997,toepassen
1998,toereiken
1999,toerekenen
2000,toerusten
2001,toeschieten
2002,toeschijnen
2003,toeschouwen
2004,toeschrijven
2005,toeslaan
2006,toesnellen
2007,toesnijden
2008,toespelen
2009,toespitsen
2010,toespreken
2011,toestaan
2012,toesteken
2013,toestemmen
2014,toestoppen
2015,toestoten
2016,toestromen
2017,toesturen
2018,toetakelen
2019,toetasten
2020,toetreden
2021,toevallen
2022,toevertrouwen
2023,toevoegen
2024,toevoeren
2025,toewensen
2026,toewerpen
2027,toewijden
2028,toewijzen
2029,toewuiven
2030,toezeggen
2031,toezenden
2032,toezien
2033,toezingen
2034,toezwaaien
2035,toneelspelen
2036,tussenkomen
2037,tv-kijken
2038,uitademen
2039,uitbaggeren
2040,uitbannen
2041,uitbarsten
2042,uitbaten
2043,uitbazuinen
2044,uitbeelden
2045,uitbeitelen
2046,uitbenen
2047,uitbesteden
2048,uitbetalen
2049,uitbijten
2050,uitblazen
2051,uitblijven
2052,uitblinken
2053,uitbloeien
2054,uitblussen
2055,uitbollen
2056,uitboren
2057,uitbouwen
2058,uitbraden
2059,uitbraken
2060,uitbranden
2061,uitbreiden
2062,uitbreken
2063,uitbrengen
2064,uitbroeden
2065,uitbuigen
2066,uitbuiken
2067,uitbuiten
2068,uitchecken
2069,uitdagen
2070,uitdelen
2071,uitdenken
2072,uitdeuken
2073,uitdiepen
2074,uitdijen
2075,uitdoen
2076,uitdokteren
2077,uitdossen
2078,uitdoven
2079,uitdraaien
2080,uitdragen
2081,uitdrijven
2082,uitdrinken
2083,uitdrogen
2084,uitdruipen
2085,uitdrukken
2086,uitdunnen
2087,uitduwen
2088,uiteendrijven
2089,uiteengaan
2090,uiteenlopen
2091,uiteennemen
2092,uiteenrijten
2093,uiteenslaan
2094,uiteenspatten
2095,uiteenvallen
2096,uiteenzetten
2097,uitfaden
2098,uitfluiten
2099,uitfoeteren
2100,uitgaan
2101,uitgeven
2102,uitgieten
2103,uitglijden
2104,uitgloeien
2105,uitgommen
2106,uitgooien
2107,uitgraven
2108,uitgroeien
2109,uitgummen
2110,uithakken
2111,uithalen
2112,uithangen
2113,uitharden
2114,uithollen
2115,uithongeren
2116,uithoren
2117,uithouden
2118,uithouwen
2119,uithuilen
2120,uithuwelijken
2121,uitjoelen
2122,uitjouwen
2123,uitkafferen
2124,uitkakken
2125,uitkammen
2126,uitkauwen
2127,uitkeren
2128,uitkienen
2129,uitkiezen
2130,uitkijken
2131,uitklaren
2132,uitkleden
2133,uitkloppen
2134,uitknijpen
2135,uitknikkeren
2136,uitknippen
2137,uitkoken
2138,uitkomen
2139,uitkopen
2140,uitkotsen
2141,uitkramen
2142,uitkrijgen
2143,uitlachen
2144,uitladen
2145,uitlassen
2146,uitlaten
2147,uitleggen
2148,uitlekken
2149,uitlenen
2150,uitleven
2151,uitleveren
2152,uitlezen
2153,uitlijnen
2154,uitloggen
2155,uitlokken
2156,uitlopen
2157,uitloten
2158,uitloven
2159,uitluiden
2160,uitmaken
2161,uitmalen
2162,uitmelken
2163,uitmergelen
2164,uitmesten
2165,uitmeten
2166,uitmonden
2167,uitmonsteren
2168,uitmoorden
2169,uitmunten
2170,uitnemen
2171,uitnodigen
2172,uitoefenen
2173,uitpakken
2174,uitpersen
2175,uitpikken
2176,uitplanten
2177,uitpluizen
2178,uitpraten
2179,uitprinten
2180,uitproberen
2181,uitproesten
2182,uitpuffen
2183,uitpuilen
2184,uitputten
2185,uitrangeren
2186,uitrazen
2187,uitreden
2188,uitregenen
2189,uitreiken
2190,uitreizen
2191,uitrekenen
2192,uitrekken
2193,uitrichten
2194,uitrijden
2195,uitroeien
2196,uitroepen
2197,uitroken
2198,uitrollen
2199,uitruilen
2200,uitruimen
2201,uitrukken
2202,uitrusten
2203,uitschakelen
2204,uitscheiden
2205,uitschelden
2206,uitschenken
2207,uitschieten
2208,uitschijnen
2209,uitschijten
2210,uitschreeuwen
2211,uitschrijven
2212,uitschuiven
2213,uitschulpen
2214,uitserveren
2215,uitslaan
2216,uitslapen
2217,uitslepen
2218,uitsliepen
2219,uitslijpen
2220,uitslijten
2221,uitslingeren
2222,uitsloven
2223,uitsluiten
2224,uitslurpen
2225,uitsmelten
2226,uitsmeren
2227,uitsmijten
2228,uitsnijden
2229,uitsnuiten
2230,uitspannen
2231,uitsparen
2232,uitspatten
2233,uitspelen
2234,uitspinnen
2235,uitspitten
2236,uitsplitsen
2237,uitspoelen
2238,vaatwassen
2239,valsspelen
2240,vastbakken
2241,vastbijten
2242,vastbinden
2243,vastdraaien
2244,vastgrijpen
2245,vasthouden
2246,vastketenen
2247,vastklampen
2248,vastklemmen
2249,vastklinken
2250,vastleggen
2251,vastliggen
2252,vastlijmen
2253,vastlopen
2254,vastmaken
2255,vastnemen
2256,vastpakken
2257,vastpinnen
2258,vastplakken
2259,vastpraten
2260,vastroesten
2261,vastspelden
2262,vastspijkeren
2263,vaststaan
2264,vaststellen
2265,vastvriezen
2266,vastzetten
2267,vastzitten
2268,veiligstellen
2269,verbeurdverklaren
2270,verdergaan
2271,verderlopen
2272,verderzetten
2273,vermannen
2274,verspringen
2275,vetmesten
2276,vioolspelen
2277,voetjevrijen
2278,volbouwen
2279,volgieten
2280,volgroeien
2281,volhouden
2282,volkomen
2283,volladen
2284,vollopen
2285,volmaken
2286,volpompen
2287,volproppen
2288,volschenken
2289,volschieten
2290,volstaan
2291,volstoppen
2292,volstouwen
2293,volzetten
2294,voorafgaan
2295,voorbakken
2296,voorbedingen
2297,voorbehoeden
2298,voorbehouden
2299,voorbereiden
2300,voorbeschikken
2301,voorbestemmen
2302,voorbidden
2303,voorbijfietsen
2304,voorbijgaan
2305,voorbijkomen
2306,voorbijlopen
2307,voorbijpraten
2308,voorbijrijden
2309,voorbijschieten
2310,voorbijsteken
2311,voorbijstreven
2312,voorbijtrekken
2313,voorbijvaren
2314,voorbijvliegen
2315,voorbijzien
2316,voorbinden
2317,voordoen
2318,voordragen
2319,voordringen
2320,voorgaan
2321,voorgeleiden
2322,voorgeven
2323,voorhebben
2324,voorhouden
2325,voorijlen
2326,voorkoken
2327,voorkomen
2328,voorlaten
2329,voorleggen
2330,voorlezen
2331,voorlichten
2332,voorliegen
2333,voorliggen
2334,voorlopen
2335,voornemen
2336,vooropgaan
2337,vooroplopen
2338,vooropstaan
2339,vooropstellen
2340,vooroverbuigen
2341,voorovervallen
2342,voorproeven
2343,voorprogrammeren
2344,voorpubliceren
2345,voorrijden
2346,voorschieten
2347,voorschotelen
2348,voorschrijven
2349,voorslaan
2350,voorsnijden
2351,voorsorteren
2352,voorspannen
2353,voorspelden
2354,voorspelen
2355,voorspellen
2356,voorspiegelen
2357,voorspreken
2358,voorstaan
2359,voorsteken
2360,voorstellen
2361,voorstemmen
2362,voortbewegen
2363,voortborduren
2364,voortbrengen
2365,voortbroderen
2366,voortdrijven
2367,voortduren
2368,voortekenen
2369,voortgaan
2370,voorthelpen
2371,voortkabbelen
2372,voortkomen
2373,voortleven
2374,voortmaken
2375,voortplanten
2376,voortreden
2377,voortrekken
2378,voortschrijden
2379,voortsjokken
2380,voortslepen
2381,voortspoeden
2382,voortspruiten
2383,voortstuwen
2384,voorttrekken
2385,voortvloeien
2386,voortvluchten
2387,voortzeggen
2388,voortzetten
2389,vooruitbetalen
2390,vooruitblikken
2391,vooruitdenken
2392,vooruitgaan
2393,vooruithelpen
2394,vooruitkijken
2395,vooruitkomen
2396,vooruitlopen
2397,vooruitrijden
2398,vooruitspoelen
2399,vooruitspringen
2400,vooruitsteken
2401,vooruitstreven
2402,vooruitwerpen
2403,vooruitzetten
2404,vooruitzien
2405,voorvallen
2406,voorverwarmen
2407,voorwassen
2408,voorwenden
2409,voorwerken
2410,voorwerpen
2411,voorzeggen
2412,voorzetten
2413,voorzingen
2414,voorzitten
2415,vormgeven
2416,vreemdgaan
2417,vrijgeven
2418,vrijhouden
2419,vrijkomen
2420,vrijkopen
2421,vrijlaten
2422,vrijlopen
2423,vrijmaken
2424,vrijpleiten
2425,vrijspreken
2426,vrijstaan
2427,vrijstellen
2428,vrijvechten
2429,vuurspuwen
2430,waarmaken
2431,waarnemen
2432,wachtlopen
2433,warmdraaien
2434,warmlopen
2435,wederkeren
2436,wederkomen
2437,wedervoeren
2438,wederzien
2439,weergeven
2440,weerkeren
2441,weerkomen
2442,weeromkeren
2443,weeromkomen
2444,weervinden
2445,wegbergen
2446,wegblazen
2447,wegblijven
2448,wegbreken
2449,wegbrengen
2450,wegcijferen
2451,wegdenken
2452,wegdoen
2453,wegdoezelen
2454,wegdommelen
2455,wegdragen
2456,wegdrijven
2457,wegdringen
2458,wegdromen
2459,wegduiken
2460,wegduwen
2461,wegebben
2462,wegfietsen
2463,weggaan
2464,weggeven
2465,weggieten
2466,wegglijden
2467,wegglippen
2468,weggooien
2469,weggraven
2470,weggrissen
2471,weghalen
2472,weghangen
2473,weghollen
2474,weghonen
2475,weghouden
2476,weghuppelen
2477,wegijlen
2478,wegjagen
2479,wegkapen
2480,wegkeilen
2481,wegkieperen
2482,wegkijken
2483,wegknippen
2484,wegkomen
2485,wegkopen
2486,wegkruipen
2487,wegkwijnen
2488,weglachen
2489,weglaten
2490,wegleggen
2491,weglokken
2492,weglopen
2493,wegmaaien
2494,wegmaken
2495,wegmoffelen
2496,wegnemen
2497,wegpesten
2498,wegpinken
2499,wegpompen
2500,wegraken
2501,wegrennen
2502,wegrijden
2503,wegroepen
2504,wegrollen
2505,wegrotten
2506,wegrukken
2507,wegschenken
2508,wegscheren
2509,wegschieten
2510,wegschrijven
2511,wegschuiven
2512,wegslaan
2513,wegslepen
2514,wegslikken
2515,wegslingeren
2516,wegslinken
2517,wegsluipen
2518,wegsluiten
2519,wegsluizen
2520,wegsmelten
2521,wegsmijten
2522,wegsnijden
2523,wegspelen
2524,wegspoelen
2525,wegspringen
2526,wegspuiten
2527,wegsteken
2528,wegstemmen
2529,wegsterven
2530,wegstoppen
2531,wegstormen
2532,wegstoten
2533,wegstrepen
2534,wegstrijken
2535,wegstromen
2536,wegstuffen
2537,wegstuiven
2538,wegsturen
2539,wegteren
2540,wegtikken
2541,wegtoveren
2542,wegtrappen
2543,wegtrekken
2544,wegvagen
2545,wegvallen
2546,wegvaren
2547,wegvegen
2548,wegvliegen
2549,wegvloeien
2550,wegvluchten
2551,wegvoeren
2552,wegvreten
2553,wegwaaien
2554,wegwazen
2555,wegwerken
2556,wegwerpen
2557,wegwezen
2558,wegzakken
2559,wegzenden
2560,wegzetten
2561,wegzinken
2562,wegzuigen
2563,wegzwemmen
2564,weldoen
2565,welvaren
2566,wetgeven
2567,wijsmaken
2568,wildplakken
2569,wildplassen
2570,witwassen
2571,zakendoen
2572,zoekbrengen
2573,zoekmaken
2574,zoekraken
2575,zwartkijken
2576,zwartmaken
2577,zwartrijden
2578,zwartvissen
2579,zwartwerken
